remixid,artistid
OCR03044,12540
OCR03132,10893
OCR00541,4279
OCR00211,4280
OCR00096,4279
OCR00745,4443
OCR03428,15308
OCR01203,4552
OCR02433,10670
OCR03405,4685
OCR00905,4293
OCR01289,4627
OCR03042,11499
OCR03178,14134
OCR03529,15685
OCR00245,4348
OCR03293,12710
OCR03293,13677
OCR02932,13147
OCR03393,13668
OCR00208,4279
OCR00655,4279
OCR00029,4295
OCR00928,4534
OCR00160,4279
OCR01004,4510
OCR01421,4627
OCR01512,4717
OCR01512,11028
OCR02127,4595
OCR01983,4729
OCR02201,4796
OCR02048,4290
OCR03440,12783
OCR01684,4320
OCR03120,10898
OCR01936,4501
OCR03281,14925
OCR00008,4341
OCR00958,4541
OCR00225,4338
OCR02162,4659
OCR02162,4751
OCR02161,4659
OCR02161,4751
OCR02160,4726
OCR02160,4751
OCR02857,11494
OCR00280,4286
OCR01395,5095
OCR01395,4537
OCR01125,4552
OCR01125,4558
OCR02949,13668
OCR02949,12064
OCR00773,4326
OCR00529,4293
OCR01490,4706
OCR00377,4290
OCR00717,5900
OCR00717,4469
OCR00717,4429
OCR03335,15056
OCR00919,4496
OCR02380,4777
OCR01454,4649
OCR02758,12560
OCR00382,36
OCR00059,4414
OCR01567,4732
OCR01567,4726
OCR01773,4789
OCR01773,4748
OCR01941,4729
OCR00768,4283
OCR02673,12787
OCR02673,12788
OCR02673,12786
OCR02673,12789
OCR02673,12785
OCR03008,4469
OCR00222,4367
OCR02674,11481
OCR03176,12710
OCR03176,13677
OCR00292,4374
OCR02423,4553
OCR02396,4313
OCR00885,4287
OCR02527,10222
OCR01156,4511
OCR01189,4616
OCR01189,4611
OCR01189,4511
OCR03004,5043
OCR01302,4403
OCR01803,4588
OCR00100,4279
OCR02840,4787
OCR02764,4777
OCR02765,4543
OCR02762,11932
OCR01462,4635
OCR00350,4372
OCR00394,4281
OCR00520,4288
OCR01656,4760
OCR00752,4321
OCR00291,4313
OCR00234,4429
OCR00249,4429
OCR00527,4369
OCR03344,4729
OCR03344,12421
OCR02173,10225
OCR00395,4371
OCR03552,4703
OCR03509,4703
OCR03553,4703
OCR03312,4703
OCR03407,4703
OCR02294,10660
OCR00274,4370
OCR00767,4489
OCR00002,4279
OCR00256,4301
OCR00256,4427
OCR00706,4331
OCR03328,13740
OCR02815,5409
OCR02815,10683
OCR02815,4655
OCR02815,5043
OCR00678,4323
OCR01058,4574
OCR01093,4586
OCR00842,4450
OCR00628,4324
OCR03332,11498
OCR00932,4536
OCR01411,4553
OCR01411,4290
OCR01691,4751
OCR03569,4313
OCR03569,4558
OCR02852,13663
OCR00015,4279
OCR00084,4283
OCR00198,4283
OCR00212,4375
OCR01368,4660
OCR02565,10683
OCR01066,4501
OCR00633,4281
OCR02069,4651
OCR02521,11499
OCR02437,11959
OCR03447,4543
OCR02767,4628
OCR02535,11929
OCR03145,13849
OCR01776,4290
OCR00087,4344
OCR02769,4440
OCR02319,10712
OCR02319,10711
OCR00634,4434
OCR02480,11942
OCR00357,4299
OCR00585,4330
OCR03116,13849
OCR01173,4512
OCR01824,4439
OCR00120,4283
OCR01927,4553
OCR01606,4745
OCR02812,12710
OCR01810,4754
OCR01810,4765
OCR00122,4335
OCR01407,4685
OCR00252,4351
OCR02557,9047
OCR02073,4579
OCR02172,10125
OCR00355,4328
OCR00355,4320
OCR00118,4282
OCR01754,4594
OCR01317,4654
OCR00913,4512
OCR00680,4458
OCR00415,4358
OCR00849,4512
OCR03096,13849
OCR00940,4479
OCR00817,4500
OCR02770,4553
OCR01904,4685
OCR01928,4553
OCR01401,4579
OCR01821,4331
OCR01821,4283
OCR02119,4553
OCR00725,4473
OCR01508,4512
OCR01711,4805
OCR01929,4553
OCR01259,4512
OCR01014,4443
OCR01240,4512
OCR01707,4505
OCR02217,5315
OCR02925,11782
OCR02768,11940
OCR03026,9047
OCR02987,10866
OCR02033,5876
OCR00854,4505
OCR00770,4357
OCR01464,4516
OCR01464,4655
OCR03545,10866
OCR01456,4627
OCR01924,5180
OCR03420,4320
OCR02015,4553
OCR03444,14734
OCR02105,4553
OCR03512,14734
OCR02336,10665
OCR03446,14734
OCR03001,4588
OCR03011,14061
OCR03011,10032
OCR01576,4326
OCR00890,4412
OCR01334,4660
OCR02045,4553
OCR01973,4664
OCR00134,4280
OCR01536,4537
OCR01513,4718
OCR01703,4663
OCR01524,4724
OCR01524,4780
OCR01825,5012
OCR02154,4705
OCR02363,4787
OCR02218,4751
OCR01562,4703
OCR01954,4781
OCR01698,4751
OCR02814,11929
OCR02152,5420
OCR02572,11510
OCR02572,10671
OCR00171,4335
OCR03571,14375
OCR00917,4530
OCR02975,13045
OCR01145,4589
OCR01145,4558
OCR01055,4412
OCR00965,4493
OCR01552,4659
OCR00623,4298
OCR02311,4724
OCR00676,4298
OCR00282,4328
OCR03254,14733
OCR01520,4682
OCR00241,4320
OCR00296,4328
OCR01501,4574
OCR01574,4656
OCR02682,4656
OCR01910,4508
OCR00393,4324
OCR00992,4551
OCR00864,4517
OCR03185,4651
OCR03185,10990
OCR03185,14473
OCR03185,4793
OCR03185,10683
OCR03185,9080
OCR03185,11931
OCR01386,4574
OCR03518,4777
OCR01641,4595
OCR01989,4720
OCR01040,4438
OCR00922,4532
OCR01115,4579
OCR01510,4331
OCR01726,4748
OCR01452,4697
OCR01377,4637
OCR01896,4579
OCR01896,4304
OCR01602,4682
OCR01602,4743
OCR01742,4783
OCR00072,4292
OCR01453,4403
OCR01095,4482
OCR00228,4292
OCR01805,4724
OCR03408,14465
OCR02365,5793
OCR01219,4628
OCR03448,10690
OCR01797,4805
OCR01471,4682
OCR01807,4403
OCR03255,14595
OCR03255,4324
OCR03255,4694
OCR01862,4797
OCR01836,5012
OCR01836,4730
OCR03050,4724
OCR02860,13044
OCR00877,4523
OCR00794,14053
OCR02726,4637
OCR01587,4741
OCR01442,4642
OCR00805,4486
OCR03483,8640
OCR03483,14337
OCR00609,4440
OCR03412,14336
OCR03412,8640
OCR03412,14337
OCR02835,4723
OCR01092,4290
OCR00948,4540
OCR01826,4789
OCR03187,14481
OCR00973,4515
OCR01573,5096
OCR01573,4403
OCR03445,14734
OCR01635,4620
OCR02338,10277
OCR00883,4285
OCR02976,12541
OCR02602,4682
OCR00275,4313
OCR02517,4777
OCR01844,4724
OCR01029,4279
OCR02979,11797
OCR02979,12932
OCR02963,12541
OCR00834,4508
OCR00871,4433
OCR00831,4507
OCR02898,12364
OCR02898,12064
OCR02389,4682
OCR02389,4726
OCR00376,4283
OCR00376,4291
OCR00261,4283
OCR01414,4649
OCR00863,4516
OCR00172,4292
OCR00652,4326
OCR00673,4443
OCR03411,8640
OCR03411,14337
OCR00386,4301
OCR02920,4540
OCR00410,4283
OCR02803,11785
OCR02067,4440
OCR01298,4484
OCR03338,11143
OCR00708,4335
OCR00077,4279
OCR01226,4630
OCR00916,4331
OCR00601,4283
OCR01288,4516
OCR00312,4315
OCR00273,4316
OCR01049,4571
OCR00408,4298
OCR00889,4381
OCR03277,10692
OCR01450,4628
OCR02777,13045
OCR00313,4318
OCR00313,4304
OCR01099,4562
OCR01099,4516
OCR01446,4640
OCR01446,4619
OCR00789,4403
OCR01314,4601
OCR03351,9847
OCR03224,14501
OCR01525,4725
OCR02189,5415
OCR01274,4388
OCR00988,4403
OCR00317,4328
OCR02253,5409
OCR02253,4793
OCR00804,4498
OCR00088,4314
OCR01458,6015
OCR01458,4659
OCR01458,4608
OCR00800,4381
OCR01549,4614
OCR02098,4508
OCR01178,4482
OCR01132,4547
OCR00388,4318
OCR00998,4555
OCR00506,4301
OCR03520,13849
OCR03520,14337
OCR00621,4445
OCR02225,10277
OCR01247,4636
OCR00603,4337
OCR01781,4794
OCR01495,4279
OCR01495,4694
OCR00873,4438
OCR01908,5186
OCR02575,4627
OCR03410,8640
OCR03410,14337
OCR02684,10671
OCR00733,4474
OCR01258,4484
OCR01258,4628
OCR03538,8640
OCR03538,14337
OCR02298,10671
OCR02298,10692
OCR01610,4747
OCR00269,4319
OCR03402,11143
OCR02372,10866
OCR01053,4528
OCR03274,4543
OCR02442,5425
OCR00845,4297
OCR00417,4335
OCR03514,15581
OCR03514,15060
OCR00492,4347
OCR01884,5041
OCR00511,4335
OCR02875,4331
OCR01180,4518
OCR01299,4313
OCR01432,4313
OCR02844,9047
OCR01678,4699
OCR03275,14499
OCR03275,13045
OCR03275,14461
OCR03275,4685
OCR00030,4279
OCR00841,4323
OCR00841,4291
OCR00069,36
OCR01595,4512
OCR01355,4613
OCR02136,6113
OCR02132,9511
OCR01648,4635
OCR01015,4313
OCR02809,4594
OCR01294,4558
OCR02414,4655
OCR02413,5409
OCR02413,4655
OCR03568,4655
OCR03345,15060
OCR00936,4537
OCR01765,4765
OCR02211,4279
OCR02444,11493
OCR00731,4455
OCR00734,4475
OCR00471,4376
OCR03228,4607
OCR01114,4412
OCR01114,4511
OCR01283,4331
OCR01283,4712
OCR01106,4510
OCR02743,5040
OCR00857,4514
OCR01359,4656
OCR01996,5655
OCR02816,11930
OCR03101,4703
OCR03481,4703
OCR03354,4703
OCR03086,4703
OCR03261,4703
OCR03119,4703
OCR03005,13147
OCR01383,4660
OCR00881,4313
OCR02117,5184
OCR00921,4313
OCR02320,10203
OCR00132,4370
OCR00981,4545
OCR03123,14356
OCR00771,4299
OCR03238,4703
OCR03043,4703
OCR03131,4703
OCR02185,10172
OCR02347,10988
OCR02642,12703
OCR01410,4593
OCR03002,4659
OCR03002,4628
OCR03049,4429
OCR02651,4787
OCR02656,4793
OCR02658,177
OCR02658,4635
OCR02997,13499
OCR03222,14493
OCR02955,12710
OCR01914,177
OCR01914,4635
OCR02653,4524
OCR02650,4659
OCR02650,4628
OCR02657,11967
OCR02657,11774
OCR02652,5420
OCR00636,4434
OCR00129,4281
OCR02794,9047
OCR02398,9047
OCR02072,9047
OCR00424,4291
OCR03164,5655
OCR01367,4537
OCR02344,4635
OCR03315,14979
OCR02936,5039
OCR02488,11503
OCR02488,11501
OCR00140,4280
OCR03439,14133
OCR03290,14928
OCR03109,12703
OCR03231,14580
OCR01242,4524
OCR00778,4440
OCR01307,4650
OCR00486,4303
OCR01293,4337
OCR01256,4529
OCR02427,11495
OCR00399,4279
OCR01906,5179
OCR01822,4730
OCR02804,10172
OCR01313,4755
OCR01313,4524
OCR03327,14976
OCR01009,4440
OCR00722,4472
OCR03457,14501
OCR01759,4788
OCR01243,4516
OCR02839,10990
OCR02736,12359
OCR02736,8361
OCR01806,10899
OCR01806,4291
OCR01806,4846
OCR00294,4429
OCR00294,4335
OCR01632,4285
OCR00792,4279
OCR02633,12708
OCR01272,4625
OCR02017,4656
OCR01244,4540
OCR02524,12421
OCR02003,4291
OCR02003,5706
OCR02003,4846
OCR02003,4692
OCR03126,9939
OCR00980,4293
OCR02943,14582
OCR02002,4754
OCR00494,4293
OCR02030,4767
OCR00562,4377
OCR02140,4797
OCR02140,9512
OCR02146,5628
OCR02082,4748
OCR02950,13748
OCR02950,10772
OCR02950,4588
OCR02005,36
OCR02870,4313
OCR01138,4293
OCR03220,14579
OCR01249,4637
OCR00360,4335
OCR02134,4787
OCR02097,4767
OCR02004,4553
OCR01183,4293
OCR01725,4759
OCR01791,4800
OCR01791,4765
OCR03276,14492
OCR03276,4743
OCR00594,4293
OCR02110,5409
OCR02110,4789
OCR02245,5012
OCR02245,10692
OCR02245,5396
OCR03203,10690
OCR02103,4787
OCR02101,4729
OCR02007,4722
OCR02000,100
OCR02000,21
OCR02000,102
OCR00999,4293
OCR03537,11501
OCR01276,4642
OCR00687,4293
OCR02805,12352
OCR02001,4279
OCR02080,4751
OCR02095,4750
OCR01546,4656
OCR02171,4793
OCR02107,5041
OCR02006,4694
OCR02006,4679
OCR02006,4598
OCR01571,4556
OCR02078,5707
OCR02846,4793
OCR02846,5420
OCR02679,5655
OCR02679,12481
OCR02552,4754
OCR02552,4661
OCR02552,10683
OCR02552,4605
OCR03199,4656
OCR02550,4595
OCR02550,5184
OCR02550,4558
OCR02639,5748
OCR02612,10690
OCR02548,100
OCR02548,5179
OCR02538,4749
OCR02538,12484
OCR02538,100
OCR02538,4595
OCR02538,4661
OCR02538,4540
OCR02538,5420
OCR02538,4729
OCR02538,4695
OCR02538,102
OCR02538,4558
OCR02540,4313
OCR02546,4595
OCR02543,5655
OCR02541,5420
OCR02541,5043
OCR02547,4613
OCR02547,4628
OCR02707,5655
OCR02707,11498
OCR01802,4751
OCR02551,12483
OCR02542,4748
OCR02545,5183
OCR02549,4759
OCR02544,4793
OCR02544,4751
OCR02569,4695
OCR03070,14133
OCR03232,5386
OCR03232,14465
OCR03232,14464
OCR00823,4377
OCR02660,10723
OCR02660,5655
OCR02980,10136
OCR02539,4693
OCR02637,5655
OCR02654,4737
OCR02654,12480
OCR02899,4547
OCR02962,10670
OCR03194,12711
OCR02661,12316
OCR02945,4655
OCR01519,4722
OCR03433,13740
OCR01865,5039
OCR01098,4518
OCR00231,4319
OCR01396,4666
OCR03139,12703
OCR01431,4640
OCR01431,4619
OCR01385,4678
OCR00740,4335
OCR01387,4501
OCR01808,4790
OCR00580,4313
OCR00825,4313
OCR01743,4619
OCR00754,4313
OCR03449,12703
OCR01842,4635
OCR01842,4634
OCR01646,4635
OCR01646,4732
OCR01646,4720
OCR00987,4313
OCR02915,4313
OCR01740,4279
OCR01741,4311
OCR01894,4313
OCR02483,11782
OCR02984,11782
OCR03285,4627
OCR00963,4542
OCR00847,4475
OCR01745,4685
OCR01265,4293
OCR03435,4287
OCR03435,4543
OCR01506,4685
OCR01351,4553
OCR03307,13849
OCR03177,14372
OCR01547,4593
OCR00193,36
OCR00341,4287
OCR01210,4582
OCR00479,4379
OCR00760,4484
OCR00776,4443
OCR01060,4484
OCR01744,4645
OCR00660,4450
OCR00343,4380
OCR00832,4443
OCR01281,4455
OCR03234,14491
OCR00238,4359
OCR03279,14463
OCR03284,5043
OCR01290,4403
OCR02360,10670
OCR02360,10896
OCR01686,4753
OCR01096,4461
OCR00402,4294
OCR02120,4313
OCR03507,15562
OCR00060,4366
OCR03063,10893
OCR03066,12064
OCR03273,13147
OCR02371,5655
OCR02985,11967
OCR02985,11774
OCR00960,4443
OCR03436,15315
OCR01371,4313
OCR01541,4582
OCR00984,4546
OCR01424,4666
OCR01424,8359
OCR01716,4595
OCR01716,4292
OCR01234,4618
OCR01091,4546
OCR01545,4318
OCR00526,4298
OCR01483,4579
OCR03088,14328
OCR03534,15750
OCR02559,10994
OCR01938,4627
OCR01439,4607
OCR00658,4448
OCR01469,4313
OCR01423,4440
OCR00123,4381
OCR02359,4793
OCR01427,4279
OCR01449,4529
OCR00449,4428
OCR00449,4291
OCR01651,4313
OCR01568,4734
OCR03309,4313
OCR01277,4501
OCR01277,4524
OCR01277,4558
OCR00766,4293
OCR00524,4360
OCR00003,4279
OCR01261,4516
OCR03019,4670
OCR02021,4793
OCR02460,11782
OCR01013,4511
OCR01852,4751
OCR01389,4560
OCR01018,4560
OCR01997,5420
OCR01997,5496
OCR01997,4729
OCR00926,4287
OCR02415,10222
OCR00670,4455
OCR01668,4765
OCR01497,4628
OCR01137,4440
OCR02598,10136
OCR00595,4306
OCR01786,4795
OCR00061,4279
OCR00285,14053
OCR01143,4540
OCR01494,4540
OCR01672,4661
OCR01467,4540
OCR01887,4795
OCR01023,4174
OCR00318,4338
OCR02077,9079
OCR02077,4313
OCR01853,5128
OCR00213,36
OCR00167,4382
OCR02601,5409
OCR02601,4726
OCR02601,4729
OCR02601,4655
OCR00703,4330
OCR01285,4640
OCR01285,4619
OCR01594,4619
OCR01198,4619
OCR01163,4593
OCR01502,4619
OCR01375,4593
OCR01412,4619
OCR01120,4593
OCR00429,4320
OCR01174,4516
OCR00553,4321
OCR02453,5409
OCR02453,11941
OCR00308,4384
OCR02454,5877
OCR01451,4637
OCR03501,4637
OCR02555,5877
OCR00738,4388
OCR00643,4447
OCR00643,4434
OCR02456,4651
OCR00460,4303
OCR00561,4357
OCR00173,4280
OCR02455,5406
OCR02455,10774
OCR00159,4322
OCR02566,5409
OCR02566,12540
OCR02662,11499
OCR00276,4299
OCR02452,10895
OCR02594,5409
OCR02594,8587
OCR00518,4283
OCR00542,4323
OCR02516,5409
OCR02516,5187
OCR00642,4434
OCR02451,11499
OCR00531,4324
OCR01339,4637
OCR03468,13056
OCR03468,15463
OCR01540,4486
OCR01597,4635
OCR01245,4635
OCR02074,4635
OCR01504,4635
OCR01303,4486
OCR01572,4486
OCR01012,4486
OCR01535,4635
OCR03149,10893
OCR03161,4685
OCR03159,11499
OCR03140,10221
OCR03160,12064
OCR03158,14387
OCR03146,10683
OCR03147,11499
OCR03151,5409
OCR03151,12540
OCR03151,12559
OCR03148,5315
OCR00675,4326
OCR03150,14388
OCR00995,4552
OCR00619,4402
OCR00925,4533
OCR01881,4574
OCR02034,4440
OCR00637,4434
OCR02139,9516
OCR00639,4434
OCR02906,12541
OCR00813,4467
OCR03112,4777
OCR03082,13046
OCR02114,4697
OCR02114,4549
OCR01892,4726
OCR01892,4729
OCR02071,6131
OCR02071,4664
OCR02071,4304
OCR02071,8359
OCR02071,6132
OCR01877,4723
OCR01875,4787
OCR01875,4729
OCR01875,5200
OCR02204,9076
OCR02012,4787
OCR01876,4440
OCR00545,4359
OCR00436,4324
OCR01879,4699
OCR01885,4697
OCR01885,5198
OCR01885,4749
OCR01885,5201
OCR02933,11932
OCR01994,4795
OCR00790,4323
OCR00991,4550
OCR02238,4440
OCR01199,4516
OCR02443,5198
OCR02443,4283
OCR01999,4755
OCR01999,5717
OCR00559,4320
OCR00550,4326
OCR00689,4362
OCR00689,4714
OCR01880,4752
OCR01880,5199
OCR01911,4787
OCR03311,12542
OCR00342,4329
OCR00354,4313
OCR01878,4748
OCR00599,4438
OCR01867,4645
OCR01963,4790
OCR03391,4304
OCR02038,5198
OCR01968,5198
OCR01968,5420
OCR01353,4512
OCR01930,4549
OCR01882,4721
OCR02131,4773
OCR03313,14607
OCR00519,4289
OCR03409,10136
OCR03211,14484
OCR03211,5040
OCR03206,10221
OCR00975,4501
OCR03510,12064
OCR03210,10136
OCR00814,4279
OCR03508,5473
OCR03508,4754
OCR03394,4587
OCR03516,13048
OCR03207,4279
OCR03209,4793
OCR01267,4627
OCR01113,4578
OCR01113,4412
OCR00575,4326
OCR03205,4751
OCR00484,4289
OCR03526,13668
OCR00152,4280
OCR01238,4633
OCR01238,4509
OCR03204,12064
OCR03441,15316
OCR03477,15468
OCR00320,4324
OCR03556,10136
OCR00512,4299
OCR00795,4495
OCR00656,4296
OCR01227,4631
OCR00872,4521
OCR03550,4637
OCR03357,14937
OCR01859,5040
OCR03544,10866
OCR02249,10223
OCR01064,4576
OCR03404,4685
OCR03212,4754
OCR03212,14486
OCR02040,5878
OCR02947,12541
OCR02252,4486
OCR01448,4595
OCR00902,4331
OCR00902,4434
OCR02953,14011
OCR03166,5420
OCR01035,4567
OCR00721,4450
OCR02838,11930
OCR02230,4777
OCR02230,5420
OCR03339,4482
OCR02850,4753
OCR03341,10683
OCR03341,4685
OCR00552,4293
OCR01581,4723
OCR02207,10136
OCR02228,4787
OCR01515,4720
OCR02094,4482
OCR01710,4751
OCR01352,4575
OCR02229,4751
OCR02149,4482
OCR02092,4723
OCR03340,4313
OCR01718,4574
OCR00465,4295
OCR02232,4793
OCR01756,4787
OCR02091,4685
OCR02231,4799
OCR02093,4628
OCR01627,4723
OCR02688,5655
OCR01697,4540
OCR02687,10683
OCR02687,4659
OCR02687,12064
OCR02687,4628
OCR03034,14128
OCR03034,14127
OCR03034,13667
OCR01308,4628
OCR02692,5420
OCR01946,5390
OCR01179,4501
OCR02498,4574
OCR01533,4555
OCR03367,13740
OCR01081,4540
OCR02690,4381
OCR00130,4280
OCR02757,4754
OCR02757,12064
OCR01304,4649
OCR01304,4665
OCR01135,4599
OCR01943,4787
OCR02796,5409
OCR02796,4655
OCR02722,12953
OCR02722,12957
OCR01582,4738
OCR01582,4559
OCR01645,4738
OCR01645,4559
OCR01433,4694
OCR01433,4695
OCR00199,4324
OCR00719,4471
OCR01839,5038
OCR02960,4726
OCR02960,4729
OCR01605,4744
OCR00899,4526
OCR00957,4526
OCR02723,4751
OCR03083,14130
OCR01360,4637
OCR00205,4281
OCR02645,4301
OCR00852,4331
OCR01990,4628
OCR00239,4325
OCR00250,4280
OCR01685,4628
OCR02506,11780
OCR03094,4738
OCR03094,4559
OCR00744,4293
OCR00750,4479
OCR02695,4729
OCR02695,4588
OCR03331,5655
OCR02836,10990
OCR02720,5184
OCR02719,4722
OCR00183,4301
OCR02212,5939
OCR02212,5826
OCR00139,4280
OCR03192,4655
OCR02766,4759
OCR02885,12064
OCR02691,12064
OCR01415,4433
OCR02246,10663
OCR01831,4723
OCR02693,12941
OCR02693,12942
OCR01695,4558
OCR00977,4326
OCR00510,4326
OCR00426,4298
OCR02854,12064
OCR01555,4515
OCR00699,4403
OCR01358,4672
OCR01604,4574
OCR02079,9080
OCR01868,4751
OCR03519,14375
OCR00954,4463
OCR03317,13052
OCR00582,4279
OCR00551,4299
OCR00068,4318
OCR00718,4470
OCR00772,4434
OCR02388,5041
OCR02686,4749
OCR02696,4598
OCR01798,4508
OCR00990,4549
OCR00178,4280
OCR01309,4516
OCR02716,4280
OCR02793,9847
OCR02482,4793
OCR00748,4296
OCR03031,5655
OCR03031,4787
OCR03031,4729
OCR01752,4786
OCR01356,4671
OCR00271,4288
OCR01331,4628
OCR02698,4313
OCR02689,10683
OCR02689,12942
OCR00893,4463
OCR01130,51
OCR03025,5043
OCR02694,12943
OCR00255,4320
OCR01762,4803
OCR00206,4328
OCR00401,4715
OCR00401,4334
OCR02700,3617
OCR02718,4479
OCR00286,4298
OCR00163,4304
OCR00701,4326
OCR02721,12541
OCR00638,4434
OCR01330,4619
OCR01864,5041
OCR01864,4627
OCR02699,36
OCR02699,12944
OCR02724,4279
OCR03141,12064
OCR03022,12956
OCR03022,4726
OCR03022,12942
OCR03022,5496
OCR03022,4729
OCR01310,4279
OCR02697,10669
OCR03153,11963
OCR01818,4986
OCR02725,4723
OCR02725,4659
OCR02725,4628
OCR01766,4556
OCR00235,4282
OCR02989,4331
OCR02717,4738
OCR02717,4559
OCR01097,4463
OCR03055,10136
OCR01857,5127
OCR01228,4547
OCR01658,4579
OCR00811,4438
OCR00907,4426
OCR01694,4635
OCR01694,4755
OCR01694,4628
OCR01295,4646
OCR00440,4327
OCR01964,4754
OCR00720,4303
OCR00247,4306
OCR01306,4608
OCR02340,4781
OCR01363,4620
OCR01623,4440
OCR01623,4754
OCR01623,4659
OCR01623,4685
OCR01623,4381
OCR01623,4515
OCR01623,4613
OCR02895,13667
OCR00775,4491
OCR00170,4283
OCR00956,4403
OCR01078,4582
OCR00095,4290
OCR01909,5033
OCR01615,4501
OCR01634,4721
OCR02499,10669
OCR01612,4659
OCR01612,4628
OCR02464,11490
OCR01841,4635
OCR01841,4628
OCR01620,4440
OCR01620,4460
OCR01253,4639
OCR00455,4327
OCR00063,4328
OCR01021,4561
OCR01021,4562
OCR01021,4516
OCR01021,4433
OCR01663,4730
OCR01614,4753
OCR01614,4625
OCR01901,4787
OCR03117,14134
OCR00723,4804
OCR00723,10709
OCR01644,4751
OCR01704,4776
OCR00828,4504
OCR00828,4709
OCR02247,10221
OCR03292,4724
OCR03241,13677
OCR03252,8640
OCR03252,12064
OCR01622,4540
OCR01100,4587
OCR00971,4331
OCR01636,4440
OCR01164,4599
OCR01682,4381
OCR00726,4324
OCR03384,15201
OCR03384,15204
OCR03384,4724
OCR03384,15202
OCR03384,5036
OCR03384,15199
OCR03384,15200
OCR03384,14463
OCR03384,15203
OCR01002,4556
OCR01640,4685
OCR01640,4628
OCR03195,14498
OCR01758,4754
OCR01758,4751
OCR01626,4752
OCR01613,4720
OCR02468,11930
OCR01104,4514
OCR00233,4306
OCR01722,4587
OCR01722,4511
OCR02562,12064
OCR01008,4558
OCR01655,4754
OCR00910,4443
OCR00369,4329
OCR00833,4324
OCR01260,4559
OCR01011,4559
OCR01162,4610
OCR00640,4434
OCR01621,4749
OCR01621,4619
OCR01579,4587
OCR01579,4730
OCR00311,4281
OCR01649,4685
OCR01649,4515
OCR01649,4628
OCR01110,4586
OCR02390,11240
OCR01689,4730
OCR01618,5901
OCR01618,5902
OCR01618,4304
OCR01618,5903
OCR00469,4330
OCR01617,4279
OCR01617,4524
OCR03539,8640
OCR01715,4432
OCR00959,4313
OCR01557,4587
OCR00584,4324
OCR01671,4691
OCR00586,4432
OCR01141,4601
OCR01619,4479
OCR01907,4613
OCR01913,4789
OCR02335,4789
OCR01847,5042
OCR01492,4469
OCR01492,4429
OCR01067,4360
OCR01667,4751
OCR01201,4621
OCR01148,4575
OCR01616,4559
OCR03528,14375
OCR00994,4553
OCR01696,4773
OCR03546,15749
OCR00411,4296
OCR00751,4804
OCR01851,4738
OCR01851,4559
OCR02272,4754
OCR01349,4670
OCR00264,4324
OCR00264,4713
OCR00316,4283
OCR00316,4710
OCR01033,4530
OCR00495,4289
OCR03052,4961
OCR01559,4640
OCR01559,4692
OCR00641,4434
OCR00798,4331
OCR01391,4640
OCR02248,10669
OCR02386,4789
OCR00522,4296
OCR01061,4486
OCR02284,10669
OCR01680,4556
OCR01991,4486
OCR01948,5187
OCR02241,10667
OCR02241,4753
OCR02241,4625
OCR02023,5939
OCR01165,4611
OCR02531,10221
OCR01957,4793
OCR02837,4796
OCR00374,4320
OCR02416,11497
OCR01731,4781
OCR00693,4296
OCR01118,4592
OCR03138,14338
OCR01518,4721
OCR01381,4516
OCR01381,4659
OCR01381,4587
OCR01903,5132
OCR02883,10671
OCR02883,10222
OCR02883,11929
OCR02883,11915
OCR03286,12710
OCR03121,10690
OCR01560,4699
OCR02745,13056
OCR02042,4795
OCR02137,4553
OCR02558,11944
OCR01537,4726
OCR01537,4727
OCR02044,8893
OCR02737,11929
OCR01017,11677
OCR01017,4388
OCR03429,15307
OCR02164,4482
OCR00617,4443
OCR01596,4588
OCR01521,4659
OCR01521,4692
OCR01521,4619
OCR01441,4440
OCR02977,13920
OCR01342,4666
OCR01357,4630
OCR01357,4587
OCR02188,10204
OCR02680,4730
OCR01886,4730
OCR02467,4547
OCR01748,4785
OCR03104,13147
OCR03570,14375
OCR03167,14375
OCR02502,4796
OCR02669,12542
OCR01719,4777
OCR02242,5394
OCR02242,4440
OCR00930,4535
OCR01287,4644
OCR01287,4645
OCR03225,13147
OCR01977,4553
OCR01637,4758
OCR01054,4572
OCR03080,4543
OCR03233,14497
OCR03233,14496
OCR03227,4787
OCR00824,4450
OCR00196,4385
OCR00078,4279
OCR01275,4627
OCR03137,14373
OCR00491,4386
OCR00844,4386
OCR03467,13057
OCR02341,4787
OCR01041,4297
OCR00560,4297
OCR01248,4584
OCR00204,4304
OCR00204,4427
OCR01320,4607
OCR02917,10222
OCR01961,4313
OCR00004,4339
OCR01347,4357
OCR01478,4607
OCR00467,4279
OCR02317,10893
OCR03385,4313
OCR01589,4313
OCR02374,4664
OCR01764,4691
OCR00011,4279
OCR00543,4364
OCR02026,4595
OCR03329,14038
OCR02497,11777
OCR02497,11778
OCR01315,4426
OCR03353,4722
OCR02896,11777
OCR02896,11778
OCR00227,4304
OCR00227,4335
OCR02046,6106
OCR00148,4335
OCR00041,4279
OCR00034,4387
OCR00035,4344
OCR03371,13045
OCR03371,4685
OCR01830,4729
OCR01830,4765
OCR02025,4440
OCR01457,4699
OCR01676,4769
OCR01676,4553
OCR02108,5420
OCR01463,4482
OCR01126,4595
OCR01126,4445
OCR00583,10709
OCR01690,4313
OCR03496,11774
OCR03280,11774
OCR03240,11774
OCR01664,4331
OCR01601,4549
OCR01601,4742
OCR03075,13045
OCR01823,4699
OCR00189,4294
OCR00837,4288
OCR03144,13045
OCR02741,11774
OCR03077,13080
OCR02964,11774
OCR02773,13147
OCR00627,4286
OCR02738,11494
OCR02952,11774
OCR02891,10893
OCR02742,13045
OCR02739,10226
OCR02740,4286
OCR02802,12710
OCR00283,4429
OCR02703,12703
OCR02931,12703
OCR03437,12703
OCR02213,4748
OCR03453,11774
OCR01161,4609
OCR01354,4520
OCR01182,4562
OCR01182,4516
OCR01152,4606
OCR03198,14126
OCR00779,4419
OCR02959,4607
OCR02484,10664
OCR02484,12149
OCR02600,10172
OCR00462,4296
OCR00085,4295
OCR01590,4640
OCR01593,4515
OCR01075,4580
OCR01883,4576
OCR02999,10172
OCR01176,4313
OCR00339,4296
OCR01157,4607
OCR01056,4511
OCR02759,13290
OCR02759,12421
OCR03226,14461
OCR03226,14583
OCR01708,4765
OCR00894,4377
OCR03380,15137
OCR03380,12710
OCR02511,10663
OCR01077,4581
OCR01077,10708
OCR00836,4455
OCR00677,4331
OCR01829,4751
OCR01728,4751
OCR01629,4751
OCR01733,4635
OCR01733,4748
OCR01733,4730
OCR03319,15046
OCR01598,4313
OCR02227,9080
OCR03134,14037
OCR03377,13740
OCR01146,4603
OCR00307,4347
OCR01223,4501
OCR01223,5009
OCR00688,4461
OCR01474,4702
OCR00407,4360
OCR00572,4290
OCR01204,4622
OCR00710,4465
OCR02956,11963
OCR02392,5037
OCR02732,10893
OCR00371,4313
OCR01088,4584
OCR00547,4388
OCR00406,14053
OCR01282,4643
OCR02126,5035
OCR00777,4296
OCR01229,4587
OCR01980,5548
OCR01980,5184
OCR01325,4656
OCR03532,15747
OCR03047,14134
OCR03021,14047
OCR01746,4643
OCR01729,4724
OCR01729,4780
OCR01701,4775
OCR03041,14143
OCR01915,4781
OCR03452,15458
OCR02750,11940
OCR02750,13054
OCR03318,14143
OCR02643,4793
OCR02622,5178
OCR02621,4651
OCR00868,4449
OCR03543,11940
OCR03029,14139
OCR00612,4442
OCR03085,5409
OCR03085,4793
OCR02934,4313
OCR02254,10662
OCR02623,8998
OCR02624,4793
OCR02625,4685
OCR01455,4694
OCR01455,4698
OCR02845,13576
OCR01369,4529
OCR02753,4722
OCR01402,4515
OCR02611,4614
OCR02024,5405
OCR02109,9947
OCR00473,4313
OCR02862,13057
OCR01257,4640
OCR02849,12541
OCR02439,5420
OCR01564,4692
OCR01751,4729
OCR03175,14461
OCR03413,13147
OCR01902,4793
OCR01709,4313
OCR03283,5131
OCR03283,13217
OCR01925,5043
OCR00517,4295
OCR03524,14461
OCR03524,15618
OCR00565,4389
OCR03191,11782
OCR03485,15481
OCR03127,8998
OCR00602,4313
OCR01380,4627
OCR01971,5315
OCR01971,4765
OCR01217,4513
OCR02273,10666
OCR00829,4505
OCR03257,13046
OCR03257,5043
OCR01677,4751
OCR00105,4390
OCR00568,4321
OCR00538,4313
OCR01779,4792
OCR03547,15761
OCR02756,4588
OCR00578,4420
OCR01192,10668
OCR01192,4469
OCR01192,4429
OCR01122,4588
OCR00838,4510
OCR02597,11499
OCR02585,12317
OCR01154,4482
OCR00515,4349
OCR00499,4294
OCR01206,4623
OCR01860,5131
OCR01874,5012
OCR01279,4293
OCR01935,5187
OCR01899,4751
OCR01899,4743
OCR01215,4537
OCR00073,4378
OCR00904,4386
OCR00503,4365
OCR01809,4574
OCR00830,4506
OCR01468,4637
OCR00705,4365
OCR00887,4318
OCR01795,4729
OCR00300,4279
OCR00644,4434
OCR03567,10136
OCR03386,4628
OCR02096,4789
OCR00645,4434
OCR00978,4506
OCR00809,4432
OCR02961,4685
OCR02438,4726
OCR02438,4729
OCR03498,15559
OCR00796,4463
OCR02234,4318
OCR00498,4279
OCR00802,4320
OCR00214,4279
OCR00653,4304
OCR00472,4304
OCR00372,4279
OCR00746,4462
OCR02322,10172
OCR00900,4292
OCR00762,4485
OCR01005,4487
OCR00202,4422
OCR00202,4317
OCR00186,4292
OCR01509,4313
OCR02504,5420
OCR02504,11781
OCR01373,4675
OCR01659,4764
OCR01660,4764
OCR01873,4764
OCR01102,4588
OCR01969,5425
OCR00755,4480
OCR02287,10172
OCR01706,4748
OCR01706,4730
OCR00396,4429
OCR01107,4553
OCR01792,4730
OCR01069,4482
OCR02798,4651
OCR02798,5420
OCR01188,4579
OCR01653,4679
OCR03530,4729
OCR03530,12421
OCR03555,15768
OCR00685,4460
OCR01461,4587
OCR01461,4511
OCR00537,4285
OCR03418,15304
OCR00630,4391
OCR01981,5549
OCR02810,11945
OCR02036,4635
OCR02592,4313
OCR02157,4752
OCR02037,4751
OCR03350,15061
OCR01563,4636
OCR00714,4467
OCR02709,12705
OCR00523,4291
OCR02626,4787
OCR02626,5043
OCR00201,4280
OCR01953,4699
OCR02553,10866
OCR00053,4414
OCR01399,4682
OCR01399,4681
OCR01399,4683
OCR02147,4439
OCR02102,4699
OCR02586,5043
OCR00413,4291
OCR03056,12705
OCR02441,11960
OCR02148,5043
OCR02655,5043
OCR03486,11929
OCR02530,10723
OCR02711,4543
OCR02666,12315
OCR02666,12314
OCR02208,4553
OCR02449,10665
OCR00143,4382
OCR00353,4285
OCR02507,10665
OCR01175,4615
OCR02041,5420
OCR01986,5043
OCR00536,4391
OCR00379,5138
OCR00379,4352
OCR00504,4284
OCR00570,4362
OCR03397,6126
OCR02070,4685
OCR00704,4464
OCR01889,5130
OCR01025,4409
OCR00145,4311
OCR00067,4284
OCR03125,14357
OCR02121,4660
OCR01699,4774
OCR00490,4279
OCR01071,4577
OCR02417,10665
OCR02224,4723
OCR02614,5628
OCR02614,10663
OCR02215,5043
OCR00848,4285
OCR01702,4685
OCR01702,4628
OCR01329,4463
OCR00629,4302
OCR00657,4302
OCR00625,4302
OCR00470,4311
OCR02685,9076
OCR00563,4285
OCR00048,4295
OCR02200,4286
OCR02200,4628
OCR00375,4284
OCR00364,4284
OCR00786,4420
OCR00210,4392
OCR01687,4771
OCR00062,4373
OCR01418,4687
OCR03105,13057
OCR02090,4771
OCR02649,4655
OCR00761,4291
OCR02434,10665
OCR01855,4313
OCR01105,4403
OCR01523,4723
OCR01187,4403
OCR01477,4595
OCR00620,4326
OCR02646,10665
OCR02926,4787
OCR02926,5043
OCR00614,4299
OCR01893,4789
OCR00076,4284
OCR00801,4284
OCR02533,5043
OCR02343,9520
OCR01514,4719
OCR00071,4304
OCR00464,4285
OCR00818,4291
OCR01224,4439
OCR01460,4290
OCR00146,4280
OCR00397,4285
OCR03154,4771
OCR02500,4285
OCR00340,4291
OCR01221,4629
OCR00115,4294
OCR01085,4285
OCR01816,4540
OCR01816,4967
OCR01816,4558
OCR02326,5043
OCR00878,4391
OCR02590,4760
OCR00295,4318
OCR00295,4304
OCR00295,4427
OCR00295,4430
OCR02644,4595
OCR00497,4304
OCR01937,4723
OCR00432,4312
OCR03466,13849
OCR02362,10990
OCR02710,12783
OCR02710,10897
OCR00421,4393
OCR00278,14053
OCR02466,10990
OCR03297,13849
OCR01723,4685
OCR01723,4778
OCR01723,4628
OCR02778,5655
OCR00251,4294
OCR00366,4302
OCR03162,4543
OCR00646,4434
OCR03093,12783
OCR03093,12707
OCR03299,12355
OCR02638,12355
OCR02106,6114
OCR00475,4281
OCR02305,4673
OCR00787,4441
OCR02827,5655
OCR02827,4650
OCR02904,13055
OCR02904,5043
OCR02613,11939
OCR00781,4461
OCR03114,8998
OCR03114,11939
OCR02969,5043
OCR01366,4673
OCR01486,4673
OCR02618,5409
OCR02618,4655
OCR00866,4311
OCR01409,4673
OCR02847,14582
OCR02537,4655
OCR02210,4553
OCR01443,4586
OCR03118,5473
OCR02209,4553
OCR02257,4798
OCR03323,15047
OCR00361,4307
OCR02291,4639
OCR02619,10990
OCR03302,13147
OCR02478,10663
OCR02167,10123
OCR02304,4543
OCR02303,5655
OCR02512,4660
OCR02512,4650
OCR02155,4628
OCR02440,4685
OCR03057,12707
OCR02829,11940
OCR02829,13054
OCR02525,4313
OCR02289,4525
OCR02292,4440
OCR02237,5043
OCR02290,10893
OCR02735,5409
OCR02735,8998
OCR02735,4655
OCR02293,4685
OCR02888,4781
OCR03036,13147
OCR02833,12317
OCR03237,12710
OCR02476,11931
OCR02922,13045
OCR02922,13500
OCR00525,4351
OCR01916,4795
OCR00569,4293
OCR03067,13740
OCR01149,4293
OCR01149,4403
OCR02408,5198
OCR02408,5473
OCR02408,4661
OCR02408,11799
OCR01522,4671
OCR00346,4347
OCR02462,4673
OCR00931,4524
OCR02401,10662
OCR02400,4440
OCR03359,14461
OCR01235,4482
OCR02596,4673
OCR02403,9282
OCR03533,4698
OCR03533,4543
OCR02817,4796
OCR02405,11800
OCR02405,11879
OCR02489,4798
OCR02842,12704
OCR02842,5473
OCR03053,4651
OCR03053,10990
OCR03053,13080
OCR00647,4328
OCR00647,4331
OCR00647,4434
OCR00700,4446
OCR02407,10124
OCR01727,4331
OCR02503,4553
OCR02472,5043
OCR03460,13147
OCR00392,4331
OCR02754,11499
OCR02890,10866
OCR00622,4446
OCR01374,4482
OCR00950,4324
OCR00935,4446
OCR02475,10692
OCR02399,5315
OCR02053,4668
OCR02404,4595
OCR02459,10684
OCR02430,5043
OCR02406,4793
OCR02930,11797
OCR02930,11939
OCR02855,4796
OCR03521,13666
OCR02599,11962
OCR02402,4685
OCR03471,13147
OCR01338,4662
OCR01993,5628
OCR02676,5473
OCR01316,4482
OCR03084,13147
OCR02561,10692
OCR01966,5415
OCR00616,4357
OCR02345,4765
OCR02345,10656
OCR00420,4285
OCR02186,4758
OCR01724,4779
OCR00684,4325
OCR00684,4542
OCR00684,4395
OCR01322,4608
OCR01505,4608
OCR00895,4524
OCR03189,10671
OCR03189,12106
OCR03189,10222
OCR02368,4757
OCR02368,11479
OCR02368,11480
OCR00945,4468
OCR01043,4568
OCR01031,4524
OCR00690,4388
OCR01378,4676
OCR02088,9264
OCR03023,4639
OCR03023,4765
OCR02283,5041
OCR02573,12106
OCR02573,10222
OCR02342,5187
OCR02470,4726
OCR02470,5420
OCR02470,4729
OCR01482,4703
OCR01631,4293
OCR02991,13740
OCR03190,14490
OCR02982,12703
OCR03480,15474
OCR01692,4807
OCR02938,12703
OCR00054,4333
OCR03306,14736
OCR02358,4304
OCR01890,5071
OCR01171,4614
OCR02708,12702
OCR03362,12703
OCR00822,4502
OCR00270,4328
OCR00192,4332
OCR00322,4281
OCR02648,10900
OCR00161,4281
OCR00618,4444
OCR00217,4280
OCR01538,4627
OCR02278,10902
OCR02278,4627
OCR02275,10900
OCR00880,4402
OCR01291,4635
OCR00450,4347
OCR00450,4304
OCR02892,5643
OCR02892,13432
OCR02998,14054
OCR01286,4482
OCR02939,13851
OCR02939,13147
OCR02591,5643
OCR02314,4313
OCR03337,15058
OCR02567,12541
OCR02029,5877
OCR02276,10901
OCR02276,4628
OCR03107,10690
OCR03107,12483
OCR03554,15767
OCR02828,12541
OCR02884,4313
OCR01507,4482
OCR03030,12942
OCR03030,5643
OCR02277,4482
OCR02505,5643
OCR01661,4482
OCR03515,15582
OCR02882,4651
OCR02882,12803
OCR02060,5043
OCR02327,4619
OCR03003,4543
OCR02281,4553
OCR02191,4313
OCR00758,4482
OCR03128,14366
OCR02996,13921
OCR00799,4497
OCR00365,4299
OCR00177,4394
OCR01007,4557
OCR02279,5187
OCR03258,10683
OCR03258,14137
OCR03258,14127
OCR03258,13667
OCR03348,14143
OCR00976,4426
OCR01669,4766
OCR01749,4313
OCR02111,4664
OCR02111,4304
OCR02111,8358
OCR02422,4537
OCR01848,4504
OCR01539,4728
OCR02510,12319
OCR02510,12318
OCR02510,12320
OCR02510,12321
OCR02510,12322
OCR01872,4705
OCR02474,10222
OCR02474,11915
OCR03390,4594
OCR03390,14924
OCR02300,4685
OCR02282,5409
OCR02282,4793
OCR02263,10773
OCR02263,5406
OCR02263,10774
OCR03289,4743
OCR02259,4660
OCR02259,5420
OCR01734,4743
OCR00344,4429
OCR02509,4720
OCR00487,4318
OCR02260,10772
OCR02260,10771
OCR02261,4598
OCR02421,5392
OCR02316,4754
OCR00309,4280
OCR02446,11967
OCR02262,4777
OCR02262,5420
OCR02262,4695
OCR02264,5178
OCR02138,4668
OCR02296,4726
OCR02296,4729
OCR02285,5420
OCR02397,10994
OCR02397,10995
OCR01384,4673
OCR00867,4443
OCR00338,4395
OCR00604,4364
OCR00713,4466
OCR01030,4501
OCR01030,4564
OCR00934,4512
OCR02166,4673
OCR00662,4453
OCR01321,4543
OCR01068,4550
OCR01345,4667
OCR00363,4426
OCR00363,4320
OCR00287,4301
OCR02471,11785
OCR00384,4338
OCR01397,4619
OCR00897,4433
OCR00897,4525
OCR01700,4280
OCR02791,4793
OCR02010,4751
OCR02051,8981
OCR01119,4594
OCR02299,4594
OCR00190,4338
OCR00005,4339
OCR00042,4341
OCR00875,4522
OCR01960,4720
OCR02879,11929
OCR02175,10224
OCR00021,4343
OCR02734,13148
OCR02734,138
OCR01403,4433
OCR00158,4332
OCR00028,4396
OCR03557,10136
OCR00221,4280
OCR01949,5392
OCR00951,4412
OCR00951,4511
OCR02843,11775
OCR03463,8998
OCR00012,4397
OCR01419,4666
OCR02448,10669
OCR02145,4666
OCR01551,4608
OCR01543,4664
OCR00370,4383
OCR00370,4299
OCR00821,4501
OCR01761,4520
OCR00610,4441
OCR00765,4488
OCR02901,4696
OCR01094,4501
OCR02675,11797
OCR02675,12932
OCR00915,4318
OCR03165,4482
OCR02580,4482
OCR00013,4279
OCR00953,4518
OCR01271,4463
OCR00182,4279
OCR01065,4516
OCR00712,4463
OCR00534,4346
OCR02993,13850
OCR00006,4279
OCR00757,4463
OCR00509,4279
OCR00089,4279
OCR00898,4330
OCR01534,4574
OCR00961,4510
OCR00697,4463
OCR01849,4628
OCR02394,4729
OCR01846,4781
OCR01870,4729
OCR02616,12559
OCR02616,10692
OCR01550,4729
OCR01974,4594
OCR02052,5043
OCR01548,4619
OCR02425,4793
OCR01895,4588
OCR02584,4793
OCR02617,4793
OCR02672,4793
OCR03356,13666
OCR03356,14734
OCR01057,4573
OCR02424,9947
OCR02424,4793
OCR02426,9947
OCR02486,11939
OCR02811,4313
OCR00782,4313
OCR02361,4795
OCR02361,5043
OCR02729,10990
OCR02729,13081
OCR02727,11939
OCR01898,5178
OCR02779,10665
OCR02192,4793
OCR02192,5178
OCR02192,5043
OCR02199,5178
OCR02256,5178
OCR02731,4793
OCR02880,10665
OCR02801,4656
OCR02942,4651
OCR02195,5043
OCR02728,13080
OCR03270,14594
OCR02321,9947
OCR02267,5043
OCR02889,12706
OCR02271,10665
OCR02593,10665
OCR02994,13853
OCR02665,10665
OCR02706,10665
OCR02513,11489
OCR02681,10665
OCR02485,10665
OCR03069,10665
OCR02288,9847
OCR02194,4754
OCR01650,4619
OCR03320,12540
OCR03037,14039
OCR02198,4651
OCR03451,14734
OCR02514,11776
OCR02197,4761
OCR02236,10674
OCR03009,13042
OCR02203,5178
OCR02216,4793
OCR02391,4795
OCR01603,4730
OCR03504,15311
OCR02536,10665
OCR02369,10665
OCR03454,15298
OCR02196,4793
OCR02193,4619
OCR03476,15467
OCR03505,5473
OCR03493,13147
OCR02324,10690
OCR02324,5420
OCR03060,13147
OCR03076,12783
OCR03531,13147
OCR02730,4796
OCR03368,13147
OCR03426,15305
OCR01838,5037
OCR03259,12710
OCR03310,13046
OCR02620,8981
OCR00334,4349
OCR02153,5178
OCR01638,4313
OCR03039,12364
OCR02473,11494
OCR00448,4299
OCR00165,4335
OCR00180,4332
OCR00605,4439
OCR01128,4596
OCR00301,4301
OCR02487,9047
OCR00380,4346
OCR02393,5386
OCR03406,4339
OCR02214,5420
OCR00332,4328
OCR01673,4730
OCR00416,4323
OCR00892,4320
OCR00648,4434
OCR00328,4338
OCR00331,4281
OCR00325,4283
OCR00918,4531
OCR00333,4429
OCR00327,4301
OCR00330,4318
OCR00326,4398
OCR00329,4292
OCR01670,4694
OCR01670,4767
OCR01959,4729
OCR01801,4769
OCR01801,4553
OCR01720,4553
OCR02715,4729
OCR01768,4553
OCR01811,4769
OCR01811,4553
OCR01232,4613
OCR00874,4297
OCR01082,4331
OCR01481,4619
OCR01476,4651
OCR00914,4280
OCR02450,11774
OCR03473,13147
OCR01891,4297
OCR02169,5392
OCR02170,4724
OCR02170,4780
OCR02170,5041
OCR02168,10202
OCR01897,4692
OCR01127,4508
OCR00431,4310
OCR00431,4711
OCR02418,4787
OCR02418,4729
OCR03499,4313
OCR02604,5655
OCR02150,4759
OCR02151,4751
OCR02280,5043
OCR01679,4728
OCR00694,4300
OCR02125,9514
OCR00476,4309
OCR02571,11774
OCR02571,4655
OCR00732,4313
OCR00521,4290
OCR01337,4518
OCR00666,4454
OCR02935,11963
OCR00815,4465
OCR03124,14332
OCR03389,13147
OCR00007,4279
OCR01787,4685
OCR01787,4796
OCR01967,4640
OCR02084,4758
OCR01155,4512
OCR00430,4288
OCR01854,4779
OCR00443,4313
OCR02016,4673
OCR00941,4313
OCR02887,4656
OCR00901,4527
OCR02378,4729
OCR01992,5035
OCR01111,4311
OCR00906,4368
OCR02083,5178
OCR01856,5035
OCR01343,4482
OCR01246,4627
OCR01951,4627
OCR01662,4313
OCR02377,5198
OCR02377,11582
OCR03295,4723
OCR00631,4420
OCR01116,4591
OCR00444,4425
OCR00444,4304
OCR02714,13047
OCR01487,4704
OCR00912,4486
OCR00588,4434
OCR01220,4516
OCR01220,4625
OCR01404,4661
OCR01024,4516
OCR01485,4627
OCR00403,4301
OCR00336,4280
OCR03472,4795
OCR00391,4292
OCR03300,14134
OCR02937,4777
OCR01336,4661
OCR01341,4649
OCR01341,4664
OCR01341,4665
OCR03392,4799
OCR03414,5036
OCR01084,4283
OCR01172,4554
OCR01955,4486
OCR00974,4301
OCR00974,4425
OCR00974,4304
OCR00352,4294
OCR01984,5180
OCR00859,4486
OCR03415,15232
OCR01683,4482
OCR02104,4574
OCR01250,4279
OCR00661,4451
OCR00707,4445
OCR00557,4399
OCR00425,4328
OCR01532,4558
OCR02061,4795
OCR03079,4795
OCR00226,4325
OCR00226,4542
OCR01237,4632
OCR01237,4619
OCR00667,4452
OCR01019,4447
OCR01444,4559
OCR01643,4685
OCR01340,4663
OCR02258,10704
OCR01170,4589
OCR01103,4589
OCR01769,4751
OCR00162,4338
OCR00124,4282
OCR00175,4338
OCR00179,4338
OCR01586,4740
OCR01586,4587
OCR02832,11490
OCR01657,4762
OCR01657,4761
OCR01657,4685
OCR01657,4763
OCR01445,4647
OCR02853,13043
OCR01570,4736
OCR00229,4281
OCR00597,4321
OCR00593,4436
OCR00409,4362
OCR03091,14330
OCR03091,11481
OCR02490,4324
OCR02112,36
OCR01372,4674
OCR01372,4625
OCR02941,4656
OCR02411,4759
OCR00846,4318
OCR01205,4609
OCR03355,4627
OCR00218,4338
OCR01159,4608
OCR03400,4703
OCR02641,4318
OCR03525,5184
OCR03525,15586
OCR01233,4516
OCR01511,4463
OCR01052,4324
OCR01052,4511
OCR01301,4648
OCR01191,4617
OCR00433,4295
OCR00433,4423
OCR00001,4279
OCR00090,4279
OCR00080,4297
OCR02556,11774
OCR00949,4297
OCR01292,4433
OCR03172,4703
OCR03032,12783
OCR03017,11939
OCR03016,11963
OCR01843,4694
OCR01843,4695
OCR00756,4481
OCR00385,4288
OCR03461,15461
OCR02683,12701
OCR00451,4283
OCR00451,4299
OCR00711,4420
OCR00946,4299
OCR02523,5040
OCR03346,14923
OCR02099,4726
OCR02099,4751
OCR02492,4469
OCR02492,4429
OCR02050,6112
OCR02050,6107
OCR01834,4619
OCR01833,4753
OCR00083,4340
OCR00730,4299
OCR01109,4590
OCR03379,4655
OCR01158,4313
OCR02808,4729
OCR03365,15067
OCR01647,4671
OCR00939,4279
OCR01753,4772
OCR01693,4283
OCR01693,4299
OCR02628,5041
OCR01405,4627
OCR02563,11943
OCR01044,4482
OCR01393,4331
OCR02066,5420
OCR01016,4331
OCR02532,5876
OCR03562,5043
OCR02606,5131
OCR00442,4161
OCR00442,4354
OCR01958,5396
OCR00508,4286
OCR01544,4687
OCR01376,4287
OCR01087,4297
OCR01465,4690
OCR01465,4694
OCR01465,4659
OCR01465,4700
OCR01465,4628
OCR02382,10989
OCR00248,4287
OCR01556,4687
OCR01794,4598
OCR01324,4655
OCR00611,4354
OCR03014,13049
OCR02610,5315
OCR00260,14053
OCR01738,4656
OCR02589,4656
OCR00112,4287
OCR02667,9047
OCR00489,4287
OCR00427,4287
OCR00749,14053
OCR02370,5386
OCR02367,4781
OCR01160,4543
OCR02187,4793
OCR03301,14939
OCR03301,14938
OCR03301,14940
OCR03301,14941
OCR03301,14942
OCR00682,4280
OCR00982,4482
OCR00389,4354
OCR03169,13420
OCR03360,12131
OCR00709,4354
OCR03012,14062
OCR01134,4598
OCR03054,12541
OCR03054,14131
OCR03081,11774
OCR03027,4655
OCR00742,4478
OCR00702,4391
OCR02782,13214
OCR02782,10893
OCR02787,10894
OCR02787,5420
OCR00606,4295
OCR00263,4295
OCR02785,12707
OCR02775,10897
OCR02775,12707
OCR02874,13666
OCR02790,13049
OCR00944,4391
OCR02789,13496
OCR00851,4391
OCR02940,11929
OCR02940,5178
OCR02781,4287
OCR02781,13437
OCR03549,14930
OCR02747,10893
OCR02747,13217
OCR02788,13435
OCR02783,13434
OCR02786,4793
OCR02786,10893
OCR02784,11939
OCR03102,10894
OCR03102,14339
OCR02705,4655
OCR03427,15309
OCR03324,14064
OCR00480,4286
OCR02235,10226
OCR03287,13496
OCR03373,13046
OCR03218,5131
OCR02190,10319
OCR02221,4651
OCR02878,13664
OCR02244,5043
OCR01169,4286
OCR01416,4686
OCR02986,12541
OCR02986,13578
OCR02063,4793
OCR02297,4553
OCR02240,4798
OCR02325,5473
OCR02325,10685
OCR03108,4655
OCR00986,4297
OCR01624,4723
OCR01624,4692
OCR02295,5409
OCR02295,4655
OCR00459,4301
OCR01346,4661
OCR00691,4279
OCR01365,4553
OCR01712,4482
OCR01712,4685
OCR03090,4668
OCR03090,14333
OCR00305,4287
OCR03219,4543
OCR02269,4793
OCR02269,9962
OCR02269,5178
OCR02631,10319
OCR02877,13671
OCR02877,13672
OCR03375,4543
OCR01975,5473
OCR01975,5474
OCR03565,12710
OCR01006,4518
OCR03561,14461
OCR03561,15772
OCR03561,15771
OCR03561,14980
OCR03561,13677
OCR02220,4793
OCR01580,4595
OCR02223,4687
OCR02219,4729
OCR02219,4765
OCR02222,4724
OCR02222,4661
OCR02122,5043
OCR01998,4793
OCR02988,10990
OCR00337,4320
OCR01032,4565
OCR02337,10669
OCR03495,15557
OCR03563,13500
OCR00110,4287
OCR03133,13670
OCR02064,4781
OCR00412,4286
OCR02713,12131
OCR01129,4482
OCR02795,12711
OCR01763,4705
OCR03235,14582
OCR02429,10669
OCR01945,4744
OCR02746,12706
OCR01600,4808
OCR00797,4496
OCR01121,4313
OCR03196,4651
OCR03196,11939
OCR01327,4518
OCR03303,10990
OCR03303,13080
OCR01214,4331
OCR03564,4558
OCR00968,4543
OCR01425,4691
OCR01588,4594
OCR03374,14038
OCR01926,5315
OCR00665,4287
OCR00665,4286
OCR01566,4635
OCR00943,4482
OCR01010,4482
OCR02013,4463
OCR02301,5043
OCR00759,4483
OCR00474,4297
OCR02469,4758
OCR02065,4553
OCR03152,4793
OCR03152,4798
OCR00240,4280
OCR01526,4501
OCR00246,4280
OCR00362,4287
OCR01592,4625
OCR03155,12783
OCR02583,12352
OCR01350,4668
OCR01350,4669
OCR02819,13049
OCR03470,15465
OCR01440,4695
OCR01440,4691
OCR02123,4651
OCR01528,4647
OCR01528,4625
OCR01089,4585
OCR01888,5043
OCR00812,14053
OCR01952,5391
OCR01952,5041
OCR00882,4518
OCR01181,4297
OCR03038,5655
OCR03038,12421
OCR01196,4618
OCR02678,4772
OCR00530,4287
OCR01527,4671
OCR02813,13051
OCR02435,4440
OCR02435,4799
OCR01269,4560
OCR01269,4543
OCR01131,4597
OCR01284,4486
OCR00194,4280
OCR00587,4433
OCR00502,4350
OCR00009,4279
OCR01236,4403
OCR01323,4639
OCR00858,4368
OCR00050,4279
OCR03095,5180
OCR02897,11774
OCR00528,4338
OCR01047,4570
OCR03434,10902
OCR03434,4627
OCR01772,4758
OCR02751,11782
OCR00046,4400
OCR00481,4401
OCR03033,13049
OCR00938,4513
OCR01484,4513
OCR01136,4513
OCR01190,4513
OCR01767,4781
OCR00040,4279
OCR01361,4279
OCR00996,4420
OCR03494,14736
OCR00806,4440
OCR01083,4440
OCR01406,4684
OCR02461,11940
OCR01488,4684
OCR02008,5420
OCR02008,4720
OCR01074,4516
OCR01388,4679
OCR01211,4625
OCR01503,4642
OCR00933,4426
OCR00735,4318
OCR02089,4721
OCR03087,11774
OCR02800,5655
OCR02800,12364
OCR00237,4292
OCR01755,4518
OCR01755,4750
OCR03432,4729
OCR03432,12421
OCR00446,4355
OCR00373,4282
OCR01312,4652
OCR01312,4653
OCR02059,5315
OCR01429,4553
OCR01429,4290
OCR01117,4530
OCR02886,13213
OCR02830,11499
OCR03268,5041
OCR00698,4419
OCR00546,4297
OCR03242,14593
OCR03517,15583
OCR00151,4280
OCR02627,12312
OCR00567,4280
OCR01784,4284
OCR01784,4429
OCR01254,4297
OCR02383,4553
OCR02383,4290
OCR02383,10274
OCR02755,4729
OCR01785,4635
OCR02797,10866
OCR00438,4280
OCR02027,6016
OCR01194,4453
OCR00964,4297
OCR03078,14038
OCR00149,4280
OCR01782,4279
OCR02268,10724
OCR02761,4444
OCR01783,4809
OCR00466,4280
OCR01230,4608
OCR00458,4286
OCR02491,4641
OCR01001,4313
OCR01775,4304
OCR02609,5097
OCR02609,12712
OCR02609,4586
OCR01750,4320
OCR02824,10663
OCR00434,4279
OCR00414,4403
OCR02990,13849
OCR01266,4641
OCR01934,4787
OCR03369,10663
OCR00418,4280
OCR01270,4286
OCR03363,15066
OCR03291,4543
OCR03566,15833
OCR00581,4280
OCR02780,6106
OCR02250,5043
OCR01167,4613
OCR01757,4682
OCR01757,4726
OCR02233,10661
OCR00729,4419
OCR02251,4682
OCR00564,4353
OCR01239,4547
OCR02957,12783
OCR00483,4300
OCR00993,4391
OCR00010,4279
OCR01578,4613
OCR01578,4628
OCR00181,4280
OCR00437,4301
OCR00345,4402
OCR00886,4297
OCR00911,4391
OCR00664,4391
OCR00788,4402
OCR00923,4297
OCR01168,4463
OCR00909,4518
OCR01222,4589
OCR01222,4558
OCR01268,4586
OCR02410,4586
OCR00843,4511
OCR03541,14461
OCR03541,15681
OCR03541,15680
OCR03541,15682
OCR03541,12064
OCR00347,4305
OCR02255,10222
OCR02039,5315
OCR01300,4647
OCR01554,4326
OCR03250,14606
OCR03250,14605
OCR03271,14736
OCR00387,4280
OCR02375,11481
OCR03343,14736
OCR03458,13849
OCR03247,4655
OCR00356,4279
OCR01212,4554
OCR03028,4703
OCR03527,4627
OCR03548,11498
OCR03548,12540
OCR03278,11939
OCR03540,14461
OCR03540,14980
OCR03540,13677
OCR01297,4584
OCR01195,4578
OCR03249,13147
OCR03251,10900
OCR03248,14607
OCR01714,4313
OCR02576,5183
OCR02576,4655
OCR01832,4777
OCR02307,4749
OCR02307,10683
OCR02307,5420
OCR02307,4293
OCR02306,5420
OCR02306,5043
OCR02308,4685
OCR01713,4540
OCR01713,4304
OCR01713,4427
OCR01713,4290
OCR01713,4558
OCR02309,4668
OCR02309,11082
OCR02309,4720
OCR02309,8498
OCR02309,10691
OCR01858,4695
OCR01774,4579
OCR01472,4638
OCR03089,13045
OCR03089,13500
OCR03089,10656
OCR03089,12064
OCR00166,4280
OCR01771,4685
OCR00929,4286
OCR03264,13049
OCR03263,5655
OCR03263,12064
OCR01947,5393
OCR01611,4748
OCR02973,4754
OCR02973,4748
OCR03183,4324
OCR03183,4694
OCR02970,4748
OCR01311,4651
OCR03282,14927
OCR02908,4748
OCR02911,13845
OCR02911,10893
OCR00137,4280
OCR03059,11940
OCR00952,4420
OCR02913,4787
OCR03366,13046
OCR03366,10690
OCR02972,12541
OCR03013,4748
OCR02910,4796
OCR01583,4582
OCR02909,4754
OCR03193,12352
OCR00405,4279
OCR01252,4638
OCR03462,11940
OCR02912,4793
OCR02907,4787
OCR03215,14134
OCR02876,11963
OCR02974,4793
OCR00428,4291
OCR00739,4477
OCR01328,4658
OCR01942,5180
OCR00111,4332
OCR00126,4280
OCR02587,4440
OCR00683,4459
OCR00683,4607
OCR00683,4708
OCR00019,4405
OCR00055,4279
OCR01599,4627
OCR03100,4324
OCR03100,4694
OCR01517,4699
OCR00215,4281
OCR00081,4314
OCR01516,4548
OCR02031,5879
OCR03419,13046
OCR00493,4406
OCR02921,12422
OCR02062,4751
OCR00598,4437
OCR00962,4477
OCR01466,4701
OCR00268,4345
OCR01585,4699
OCR02115,4673
OCR03213,14492
OCR00577,4418
OCR00558,4404
OCR00514,4280
OCR00865,4518
OCR00970,4281
OCR00323,4304
OCR01063,4575
OCR01778,4791
OCR02049,5569
OCR03459,5043
OCR00736,4476
OCR00349,4318
OCR00349,4424
OCR03396,11963
OCR02286,5178
OCR02183,10277
OCR02595,9047
OCR01944,5386
OCR03216,12942
OCR03216,14577
OCR02032,4803
OCR03217,4290
OCR02165,5184
OCR00728,4456
OCR00686,4313
OCR02629,12541
OCR00463,4301
OCR00463,4320
OCR03256,13849
OCR02818,13050
OCR01866,9947
OCR02019,5043
OCR03491,12783
OCR03113,14329
OCR03542,11940
OCR02313,10710
OCR00835,4509
OCR01000,4279
OCR00188,4280
OCR03490,4440
OCR00724,4443
OCR03488,5043
OCR03511,11940
OCR01799,4313
OCR00314,4296
OCR03535,8640
OCR03535,12064
OCR03489,10670
OCR01654,4743
OCR01642,4759
OCR01108,4168
OCR00224,4296
OCR03492,8998
OCR03492,11939
OCR01027,4503
OCR03487,11963
OCR03500,4279
OCR01348,4559
OCR01073,4578
OCR01073,4579
OCR03497,4787
OCR03045,13511
OCR03045,10893
OCR03294,14737
OCR02702,11938
OCR02772,13361
OCR00908,4529
OCR02659,12422
OCR03314,14983
OCR01262,4584
OCR00896,4441
OCR01332,4640
OCR03266,13436
OCR03265,4440
OCR01542,4579
OCR03559,15769
OCR01558,4628
OCR03214,14495
OCR02081,9076
OCR00888,4803
OCR01147,4602
OCR00439,4279
OCR00304,4362
OCR03372,15136
OCR02522,11932
OCR01760,4723
OCR03272,14734
OCR00232,4279
OCR03430,15059
OCR02749,13052
OCR00860,4280
OCR00544,4280
OCR02239,9947
OCR01652,4588
OCR00184,4280
OCR02068,8119
OCR03417,4656
OCR00456,4306
OCR00485,4280
OCR02534,11429
OCR02159,4284
OCR02118,5406
OCR02118,5940
OCR02158,4651
OCR01080,4420
OCR02318,4628
OCR02274,4605
OCR01933,4768
OCR02927,10900
OCR01112,4529
OCR00891,4331
OCR00891,4283
OCR00891,4288
OCR01473,4691
OCR03325,5473
OCR00423,14053
OCR03174,13849
OCR02671,12351
OCR02182,4313
OCR00654,4331
OCR01305,4530
OCR02373,4795
OCR03200,4772
OCR01390,4680
OCR00535,4281
OCR01717,4773
OCR01828,4482
OCR01820,4635
OCR02515,10900
OCR01800,4440
OCR01739,4659
OCR01739,4628
OCR01869,4724
OCR00850,4283
OCR00348,4307
OCR00573,4363
OCR02445,11797
OCR01675,4758
OCR01028,4283
OCR00381,4313
OCR01048,4420
OCR01770,4627
OCR02712,9851
OCR02181,4635
OCR01804,4787
OCR01039,4501
OCR01420,4688
OCR01747,4784
OCR00967,4524
OCR00555,4331
OCR03072,12783
OCR02579,10226
OCR02364,9947
OCR03502,15560
OCR02821,13217
OCR03074,4482
OCR03370,10990
OCR03184,10990
OCR03269,14607
OCR03376,14927
OCR03068,5655
OCR03068,4729
OCR03156,4628
OCR02820,13217
OCR02822,13217
OCR03202,10663
OCR02858,12352
OCR00058,4279
OCR01480,4628
OCR01498,4286
OCR01498,4691
OCR01479,4673
OCR01036,4475
OCR03387,15205
OCR02807,4543
OCR00985,4547
OCR00453,4280
OCR00819,4419
OCR00478,4280
OCR01278,4403
OCR02028,4659
OCR02028,4628
OCR00574,4295
OCR00608,4331
OCR03046,4543
OCR02431,11551
OCR01625,4756
OCR03245,4543
OCR02176,4628
OCR01789,4798
OCR01965,4695
OCR01815,4649
OCR01815,4750
OCR01076,4450
OCR00715,4432
OCR01817,4754
OCR01817,4787
OCR03560,14375
OCR00942,4538
OCR01819,4994
OCR01827,4685
OCR01814,4769
OCR01814,4579
OCR03464,15462
OCR01500,4279
OCR01812,4579
OCR01812,4685
OCR01979,4723
OCR01979,4291
OCR01979,5183
OCR01979,4293
OCR01932,4543
OCR01813,4639
OCR01813,4720
OCR02087,4994
OCR02087,4698
OCR01850,4685
OCR02018,4628
OCR02133,4673
OCR00681,4297
OCR02129,4574
OCR02177,4440
OCR02409,4627
OCR00501,10681
OCR00501,4416
OCR01939,4760
OCR01939,5181
OCR01939,5182
OCR02178,4760
OCR01144,4313
OCR02865,5041
OCR02867,4685
OCR02867,5043
OCR02869,4685
OCR03135,14379
OCR03135,6114
OCR03135,14381
OCR03135,14380
OCR02863,5182
OCR02863,13432
OCR02868,13678
OCR01730,4685
OCR01730,4628
OCR02366,4685
OCR02866,13432
OCR01584,4739
OCR01280,4613
OCR01280,4628
OCR02864,11929
OCR03110,12710
OCR00884,4279
OCR02823,13045
OCR00671,4456
OCR03006,13851
OCR03006,13147
OCR01139,4600
OCR01026,4563
OCR01721,4729
OCR01335,4547
OCR00763,4486
OCR01251,4486
OCR00626,4323
OCR03456,4703
OCR01273,4486
OCR00064,4373
OCR00064,4716
OCR00094,4356
OCR02948,4543
OCR00826,4280
OCR01609,4651
OCR00155,4280
OCR01413,4559
OCR00014,4279
OCR02457,11895
OCR02202,4673
OCR01499,4707
OCR00258,4417
OCR01553,4730
OCR01780,4793
OCR00127,4281
OCR01263,4313
OCR00741,68
OCR01491,4313
OCR02376,4726
OCR02376,4729
OCR03097,4723
OCR03098,4723
OCR01608,4705
OCR01793,4311
OCR00808,4313
OCR01123,4562
OCR01123,4516
OCR02302,4635
OCR00600,4288
OCR01151,4604
OCR01216,4626
OCR00876,4420
OCR01207,4562
OCR03522,11143
OCR01777,4790
OCR02771,12541
OCR03326,4767
OCR02636,4347
OCR02174,10007
OCR00468,4292
OCR01607,4746
OCR01561,4731
OCR00254,4429
OCR01437,4331
OCR00692,4462
OCR00774,4420
OCR00576,4419
OCR03358,4772
OCR00807,4443
OCR01218,4627
OCR00607,4420
OCR01436,4627
OCR01398,4558
OCR01459,4420
OCR01382,4677
OCR00358,4338
OCR00398,4282
OCR00780,4391
OCR00066,4279
OCR01037,4391
OCR02581,5043
OCR00903,4528
OCR01072,4391
OCR02995,13852
OCR03173,14374
OCR02310,6106
OCR02615,12106
OCR02615,10222
OCR00920,4455
OCR00920,4432
OCR01042,4516
OCR01166,4612
OCR01255,4588
OCR00257,4279
OCR01209,4624
OCR00168,4410
OCR01208,4589
OCR01208,4420
OCR00482,4288
OCR00856,4463
OCR01496,4439
OCR00026,4279
OCR02670,4803
OCR00037,4281
OCR01628,4757
OCR00989,4548
OCR00419,4372
OCR02226,4781
OCR00022,4421
OCR00209,4357
OCR03062,14041
OCR03062,12703
OCR01845,4464
OCR01430,4693
OCR02873,13665
OCR01970,4784
OCR01428,4692
OCR02035,4723
OCR00098,4281
OCR02834,13042
OCR03330,13849
OCR00591,4326
OCR00591,4293
OCR02312,10670
OCR03171,10900
OCR03000,4279
OCR00827,4503
OCR01905,5177
OCR01905,5176
OCR00156,4294
OCR01531,4531
OCR03442,13849
OCR03253,14594
OCR01931,5320
OCR01931,5322
OCR01931,5321
OCR01931,4786
OCR01987,4651
OCR00791,4494
OCR02329,9528
OCR01231,10693
OCR01231,4548
OCR01912,4772
OCR00839,4493
OCR02047,9947
OCR00065,4290
OCR01200,4620
OCR00187,4411
OCR02919,13669
OCR01241,4634
OCR00319,4292
OCR02333,10683
OCR02331,4553
OCR01681,4770
OCR00716,4468
OCR02058,4584
OCR01861,5130
OCR01197,4548
OCR01197,10694
OCR01408,4548
OCR01185,4280
OCR00454,4409
OCR03058,13845
OCR03058,10893
OCR03308,14964
OCR03129,14040
OCR02124,4793
OCR00422,4305
OCR02135,5043
OCR01184,4285
OCR02900,4639
OCR02014,5793
OCR01050,10693
OCR01050,4548
OCR01978,4793
OCR00743,4468
OCR01020,4285
OCR01426,4628
OCR02143,4651
OCR02608,10671
OCR02608,12065
OCR02381,10692
OCR02946,8998
OCR01688,4772
OCR02142,4605
OCR01133,4575
OCR03399,13849
OCR02144,4754
OCR02144,4695
OCR00879,4419
OCR01400,4651
OCR00853,4468
OCR02266,4651
OCR02951,13854
OCR01840,5043
OCR00335,4335
OCR03479,15315
OCR03064,11963
OCR00784,4492
OCR01086,4583
OCR01318,4640
OCR01318,4516
OCR00102,4335
OCR02346,4655
OCR01370,4584
OCR01940,5043
OCR02011,5792
OCR03361,6002
OCR02568,12546
OCR02568,12547
OCR02568,4605
OCR02568,12064
OCR03383,4759
OCR02924,13856
OCR02315,10897
OCR03065,14129
OCR01577,4737
OCR01995,5654
OCR01995,5653
OCR02496,11928
OCR02141,4793
OCR02141,9962
OCR02481,11773
OCR02992,6002
OCR02954,13849
OCR01153,4484
OCR03142,11773
OCR03142,13046
OCR03469,10670
OCR01364,4651
OCR01150,4605
OCR01140,4501
OCR03478,4624
OCR03438,10670
OCR03438,10671
OCR02270,10672
OCR03398,11774
OCR03398,13677
OCR01575,4697
OCR01950,4795
OCR01435,4637
OCR02605,5043
OCR02043,4692
OCR02872,11940
OCR02872,13054
OCR02861,4724
OCR02861,4659
OCR02861,12064
OCR02861,4628
OCR00368,4279
OCR00216,4334
OCR00109,4335
OCR00533,4326
OCR02966,4751
OCR01529,4326
OCR03513,15564
OCR03296,14596
OCR00203,4336
OCR03106,4659
OCR03106,4628
OCR00966,4377
OCR01732,4595
OCR00556,4337
OCR03382,10893
OCR03288,14931
OCR00753,4279
OCR00861,4168
OCR03347,14932
OCR01333,4659
OCR01438,4696
OCR02826,13046
OCR00150,4281
OCR02528,5396
OCR03015,14064
OCR02905,12312
OCR03262,13042
OCR02577,8353
OCR02577,4732
OCR01045,4569
OCR00659,4449
OCR03201,13849
OCR03168,8640
OCR03168,14337
OCR03071,13849
OCR02914,11773
OCR02914,13046
OCR02914,13147
OCR00539,4289
OCR02328,4635
OCR02328,10683
OCR03450,4729
OCR03450,12421
OCR02733,5131
OCR02054,8998
OCR02116,8998
OCR02116,4695
OCR02243,5655
OCR01417,4579
OCR01417,4516
OCR02055,5178
OCR02893,8998
OCR03099,5409
OCR03099,6144
OCR03099,8998
OCR03099,13677
OCR02902,4655
OCR02902,11914
OCR03186,8998
OCR03482,14375
OCR02928,12711
OCR02554,12107
OCR02334,10576
OCR01079,4482
OCR03304,14944
OCR01917,4793
OCR02983,4320
OCR02520,11961
OCR02412,11496
OCR03503,14375
OCR02330,11143
OCR01422,4664
OCR02086,5037
OCR01124,4484
OCR02100,4558
OCR03352,15062
OCR02799,13046
OCR02799,10690
OCR02799,13053
OCR03558,15770
OCR03018,13046
OCR03018,13053
OCR02967,13046
OCR03321,8998
OCR01788,4797
OCR01639,4558
OCR01591,4482
OCR03223,14494
OCR03431,15311
OCR03048,13046
OCR03020,14126
OCR00668,4303
OCR02206,5182
OCR00596,4279
OCR01186,4279
OCR01394,4598
OCR00378,4279
OCR02184,10222
OCR02607,10661
OCR00045,4281
OCR02179,5198
OCR02179,10271
OCR02179,10270
OCR02179,10272
OCR02180,10273
OCR02180,4595
OCR02420,9047
OCR03244,4703
OCR03182,14360
OCR03182,4695
OCR03484,14328
OCR01666,4574
OCR03333,13147
OCR00613,4297
OCR03298,8998
OCR03143,11774
OCR02744,4318
OCR01735,4553
OCR03130,4324
OCR03130,4694
OCR00435,36
OCR00803,4388
OCR02831,12703
OCR00869,4519
OCR00516,4308
OCR01674,4768
OCR00505,4297
OCR01835,4440
OCR01633,4297
OCR02856,4543
OCR00549,4415
OCR02603,11963
OCR03188,13740
OCR01982,4773
OCR02113,4781
OCR01569,4735
OCR01003,4529
OCR02076,4440
OCR02075,5406
OCR01392,4649
OCR01392,4664
OCR00157,4334
OCR01326,4657
OCR00972,4544
OCR02918,11929
OCR03395,4313
OCR00764,4487
OCR00277,4429
OCR02387,10898
OCR00044,4340
OCR00862,4515
OCR00937,4450
OCR00816,4321
OCR01837,5034
OCR00810,4499
OCR03163,4787
OCR03122,10663
OCR00302,4338
OCR03475,14461
OCR03267,5420
OCR03267,4729
OCR03267,12421
OCR03424,14927
OCR03423,4724
OCR03455,14927
OCR03551,5043
OCR03474,15047
OCR03425,12559
OCR03425,4724
OCR03422,10665
OCR03443,4543
OCR03443,15320
OCR03443,5043
OCR01379,4635
OCR01976,5511
OCR02009,4306
OCR03229,4543
OCR01863,5036
OCR00532,4399
OCR01871,4626
OCR01871,4742
OCR01736,4765
OCR01790,4799
OCR03465,14461
OCR03421,14499
OCR03421,14461
OCR03316,10893
OCR03316,13147
OCR01900,4331
OCR03401,13147
OCR03115,13045
OCR01962,5043
OCR00496,4280
OCR02205,4501
OCR03506,15561
OCR01565,4733
OCR03416,14858
OCR01988,4748
OCR02564,10136
OCR01956,5394
OCR01956,4440
OCR01737,4782
OCR01737,11002
OCR00262,4290
OCR02436,4574
OCR02355,4798
OCR00840,4479
OCR02458,11937
OCR02349,4440
OCR02351,5198
OCR02351,4605
OCR02353,4555
OCR02664,5043
OCR02518,11943
OCR00927,4318
OCR00927,4301
OCR02848,5655
OCR02419,4777
OCR02578,5655
OCR02352,5420
OCR02352,4367
OCR00955,4530
OCR02428,5420
OCR02428,4720
OCR02428,4695
OCR02348,5420
OCR02357,11356
OCR02350,4595
OCR02588,11937
OCR02479,5184
OCR02774,4697
OCR02774,4726
OCR02774,4787
OCR02354,5655
OCR01530,4549
OCR02356,4759
OCR02395,10692
OCR01470,4664
OCR03336,11782
OCR02156,4699
OCR00488,4350
OCR02379,4699
OCR03035,4703
OCR01296,226
OCR01296,68
OCR01296,171
OCR01296,328
OCR00855,4513
OCR00093,4356
OCR00324,4407
OCR00457,4414
OCR00615,4407
OCR00793,4479
OCR00727,4802
OCR01034,4566
OCR02501,4313
OCR01665,5097
OCR01665,4586
OCR00947,4539
OCR02020,4758
OCR03536,15751
OCR02508,11945
OCR00969,4313
OCR01447,4420
OCR02929,5040
OCR02056,4643
OCR01264,4607
OCR02978,13045
OCR00383,4279
OCR01177,4320
OCR01922,4777
OCR01922,4695
OCR03388,10671
OCR03388,10670
OCR00649,4434
OCR01705,4749
OCR00200,4301
OCR00191,4282
OCR01344,4516
OCR00663,4388
OCR01923,4777
OCR01923,4751
OCR00404,4318
OCR02022,4787
OCR01985,4754
OCR01022,4515
OCR02057,5040
OCR00477,4298
OCR00589,4435
OCR01062,4540
OCR01796,4789
OCR01972,4697
OCR01972,4726
OCR01972,4787
OCR01921,4486
OCR01920,4707
OCR03221,14376
OCR01225,4403
OCR00747,4388
OCR02085,4777
OCR02085,5420
OCR03236,4324
OCR03236,4694
OCR01038,4486
OCR00310,4320
OCR00785,4493
OCR00983,4516
OCR03334,12064
OCR00651,4298
OCR01630,4455
OCR01630,4432
OCR00650,4434
OCR00592,4388
OCR01919,4694
OCR01319,4507
OCR02465,4318
OCR01918,4555
OCR03364,12710
OCR03181,4607
OCR03040,4543
OCR01362,4658
OCR03378,13046
OCR03378,4793
OCR02859,13046
OCR02859,13147
OCR01434,4640
OCR00176,4295
OCR03197,10124
OCR02632,5315
OCR02574,4729
OCR02574,4765
OCR02968,13147
OCR02640,12364
OCR00390,4408
OCR00445,4345
OCR00571,4364
OCR01489,4705
OCR02384,4671
OCR00447,4281
OCR00303,4361
OCR03523,15612
OCR01475,4618
OCR00632,4440
OCR00513,4413
OCR00769,4490
OCR00082,4412
OCR02332,5406
OCR02630,5409
OCR02630,11899
OCR02630,5420
OCR00674,4279
OCR00624,4346
OCR02634,4313
OCR01202,4293
OCR00924,4326
OCR01493,4649
OCR03230,10669
OCR03136,14369
